metric,launch,delta,delta_percent,ci,ci_percent,delta_std,delta_sum,delta_sum_ci,z_value,p_value,sample_counts,impacted_counts
metric2,"(v1, control) launch",-0.06,-246.24,"(-0.12, -0.0)","(-491.94, -0.54)",0.03,-483.64,"(-966.22, -1.06)",-1.96,0.05,"(1693, 1682)","(7857, 7857)"
metric2,"(v1, test) launch",-0.05,-181.47,"(-0.09, 0.0)","(-376.94, 14.0)",0.02,-466.60,"(-969.2, 36.01)",-1.82,0.07,"(2956, 2941)","(10329, 10329)"
metric2,"(v2, control) launch",0.02,86.47,"(-0.04, 0.08)","(-155.48, 328.42)",0.03,169.84,"(-305.37, 645.05)",0.70,0.48,"(1693, 1698)","(7857, 7857)"
metric2,"(v2, test) launch",0.01,23.97,"(-0.04, 0.05)","(-168.19, 216.13)",0.02,61.63,"(-432.47, 555.72)",0.24,0.81,"(2956, 2978)","(10329, 10329)"
metric2,"(control, test) launch",-0.04,-104.78,"(-0.1, 0.02)","(-262.21, 52.64)",0.03,-304.43,"(-761.78, 152.92)",-1.30,0.19,"(2140, 2128)","(7877, 7877)"
metric1,"(v1, control) launch",0.60,24.25,"(0.45, 0.75)","(18.1, 30.41)",0.08,4702.07,"(3508.09, 5896.04)",7.72,0.00,"(1693, 1682)","(7857, 7857)"
metric1,"(v1, test) launch",1.93,86.46,"(1.76, 2.09)","(78.86, 94.06)",0.09,19888.52,"(18139.08, 21637.97)",22.28,0.00,"(2956, 2941)","(10329, 10329)"
metric1,"(v2, control) launch",0.60,24.49,"(0.46, 0.75)","(18.49, 30.49)",0.08,4747.16,"(3583.59, 5910.72)",8.00,0.00,"(1693, 1698)","(7857, 7857)"
metric1,"(v2, test) launch",0.93,41.76,"(0.81, 1.05)","(36.17, 47.35)",0.06,9606.24,"(8319.8, 10892.67)",14.64,0.00,"(2956, 2978)","(10329, 10329)"
metric1,"(control, test) launch",0.48,19.37,"(0.34, 0.63)","(13.5, 25.23)",0.07,3789.65,"(2642.14, 4937.16)",6.47,0.00,"(2140, 2128)","(7877, 7877)"
